,Sample 1,Sample 2,Sample 3,Sample 4,Sample 5,Sample 6,Sample 7,Sample 8,Sample 9,Sample 10,Sample 11,Sample 12,Sample 13,Sample 14,Sample 15,Sample 16,Sample 17,Sample 18,Sample 19,Sample 20,Sample 21,Sample 22,Sample 23,Sample 24,Sample 25,Sample 26,Sample 27,Sample 28,Sample 29,Sample 30,Sample 31,Sample 32,Sample 33,Sample 34,Sample 35,Sample 36,Sample 37,Sample 38,Sample 39,Sample 40
Gen 218,-0.02489,0.06610,-0.14997,-0.05930,-0.10597,-0.12230,-0.09412,-0.04633,-0.03097,0.01165,-0.02424,0.05557,-0.08866,0.11344,-0.14178,0.05114,-0.02481,0.01761,-0.10788,-0.09057,0.09022,0.14048,-0.05597,0.05770,0.11292,0.11838,-0.12449,-0.13828,-0.09905,0.11344,-0.12050,-0.02367,0.13737,0.00995,0.05756,-0.05535,0.05595,0.10039,-0.14451,0.07504
Gen 498,0.14666,0.07445,-0.06587,0.08678,-0.11903,-0.01563,0.12258,-0.06192,-0.06367,-0.11099,-0.14419,0.05365,-0.08651,-0.07034,-0.00253,-0.13399,0.02224,-0.10598,0.02679,0.05993,-0.11930,-0.02578,0.05832,-0.02575,-0.13501,0.01077,0.04914,0.00447,0.13338,0.02597,0.12102,-0.10876,-0.10822,0.09222,-0.03070,-0.10039,0.12825,-0.04567,0.07524,0.06780
Gen 8,0.11499,0.03710,0.07528,-0.04533,-0.06902,0.11877,-0.02157,0.13945,0.04903,0.03651,-0.11558,0.13485,-0.01503,0.02352,-0.02756,-0.07889,0.12101,0.02210,-0.14914,0.03514,-0.05201,0.00812,0.11578,-0.04282,0.12256,0.03701,-0.14525,0.12883,0.05727,0.14920,-0.09830,-0.10886,0.12978,0.05905,-0.13020,0.07664,0.07616,0.12691,0.06346,-0.11272
Gen 9,-0.14404,-0.14214,-0.14151,-0.07614,0.10801,0.01165,0.01585,0.10261,-0.11275,-0.06624,0.02573,0.14088,0.01831,-0.14441,0.09019,-0.08011,0.09213,-0.03364,0.10906,0.07414,0.01687,-0.10906,-0.13202,-0.11360,-0.13663,-0.11775,-0.08229,0.06390,0.01792,-0.14623,-0.12841,0.14018,0.02043,-0.08901,-0.07430,0.07315,-0.09137,0.02441,0.14101,0.10405
Gen 11,-0.07805,-0.00187,0.03599,0.09869,-0.10296,-0.14443,-0.12899,-0.00410,0.03190,0.02066,-0.05479,0.14658,0.02392,-0.03596,0.01528,0.07360,0.05077,-0.07052,-0.13010,-0.03897,0.03892,-0.08695,0.07583,-0.13004,-0.07191,0.09143,-0.09197,0.04184,0.00740,0.12744,-0.07101,-0.13021,0.07052,0.08165,0.12234,0.12959,-0.14581,-0.07969,0.03503,0.13470
Gen 17,0.13505,0.01700,0.12468,0.04247,-0.03300,-0.00420,0.03129,0.01486,0.12785,0.12562,-0.03154,0.13898,-0.09781,-0.11210,-0.10948,0.00170,-0.14354,0.13439,0.09813,-0.14549,-0.09714,-0.05038,-0.11070,0.09285,-0.04658,0.13203,0.02460,0.11365,0.10342,0.12162,-0.01204,0.01390,0.08958,-0.06428,-0.00292,0.02973,-0.14534,0.02804,-0.01990,0.09221
Gen 21,-0.05543,0.11787,0.02336,-0.09480,0.08638,0.03361,-0.13383,-0.02394,0.05372,0.12558,-0.14988,0.14303,-0.03703,0.14214,0.03141,0.09865,0.02241,0.03842,-0.06433,0.02605,0.07501,0.10749,0.07652,0.05942,0.10934,-0.05320,0.05124,-0.01474,-0.03537,-0.02676,-0.02956,-0.05478,0.03658,-0.02093,0.14214,0.05334,-0.09043,-0.02199,-0.04700,0.08929
Gen 23,0.11400,0.12115,0.04882,-0.06894,-0.07429,0.10647,0.00831,0.09065,0.02175,0.06994,0.00570,0.08127,0.02066,-0.01029,-0.04719,-0.12954,-0.03662,-0.12611,0.14485,-0.09552,0.09356,0.11249,0.05652,0.02085,-0.10171,-0.00994,-0.04645,-0.08249,0.02775,-0.05632,0.12489,0.12289,-0.07286,-0.11673,-0.09211,-0.00012,0.06858,-0.08754,-0.07559,0.10550
Gen 25,-0.02525,0.03501,-0.07990,-0.11941,0.00476,-0.00686,-0.10420,0.03654,0.01320,0.04624,-0.10664,0.07546,-0.08339,0.00581,0.08559,-0.14330,-0.05269,0.11188,0.10341,0.01153,0.10998,0.13494,0.09792,0.10623,-0.12038,0.04539,0.06106,0.03307,0.08988,-0.13963,0.08107,0.06952,-0.07209,-0.07288,0.03969,-0.04641,0.08898,-0.01616,0.08482,0.14714
Gen 31,-0.05993,-0.10710,0.12039,0.01247,0.14242,0.04098,0.14817,0.01382,0.00793,-0.10937,-0.04329,-0.14213,-0.10188,0.07369,-0.14088,-0.04004,0.10870,0.05780,0.05728,-0.09341,-0.01743,0.02447,0.14693,-0.08883,-0.07568,-0.07135,0.07505,-0.01291,-0.13292,0.00255,-0.08641,0.08958,-0.06080,-0.14172,0.02803,0.10315,-0.03570,0.07496,0.00334,0.01229
Gen 33,0.13783,0.09119,-0.14030,0.06282,-0.01050,0.13426,-0.08357,-0.06988,-0.12556,-0.02141,-0.11729,0.04014,0.09089,0.05904,0.07986,-0.04726,0.10376,-0.02137,0.09720,0.03795,-0.10697,-0.12648,-0.14450,-0.12998,-0.01242,-0.11600,-0.14166,0.07646,-0.03154,0.07408,-0.01428,-0.01497,-0.00658,-0.00780,0.09095,-0.02928,0.12141,-0.13888,0.08216,-0.11231
Gen 38,0.03555,-0.14689,0.01159,-0.14909,0.13536,0.12162,0.08879,0.12458,-0.10633,-0.10268,-0.09371,0.03675,0.12174,0.14699,0.06334,0.06954,0.12279,-0.02974,-0.07504,-0.09797,-0.11416,0.09378,-0.10596,-0.07071,0.09573,-0.05682,0.14473,-0.07001,0.01010,-0.05566,0.12323,-0.04003,-0.01992,0.00369,0.13167,-0.14072,0.06506,0.11731,-0.14181,0.00662
Gen 39,-0.05220,0.10785,0.01755,0.05707,-0.01414,0.03849,-0.06297,-0.14720,0.02303,-0.05657,0.00518,0.12492,-0.02206,-0.07578,-0.03861,0.12956,0.13106,0.10330,0.12606,-0.08163,-0.12376,-0.08181,-0.05569,-0.09757,0.03213,-0.02592,0.09491,-0.09446,0.06056,-0.07789,0.02227,-0.04530,-0.13291,-0.08136,0.04923,-0.00082,0.00570,-0.09758,0.02121,0.14903
Gen 40,0.09505,0.02831,0.14280,0.12047,0.02868,-0.14027,-0.12193,-0.13039,-0.01448,-0.03737,0.14261,-0.09961,0.14184,0.08024,0.09727,0.03978,0.05062,-0.00694,-0.14606,-0.04410,-0.00238,0.06903,-0.00941,-0.01278,-0.10870,-0.14673,0.07748,-0.05401,0.14532,-0.08393,-0.04839,0.00717,0.07647,-0.01084,-0.11255,-0.05625,0.00136,0.05215,0.08104,-0.11090
Gen 41,-0.14313,0.00572,0.09300,-0.14622,0.05174,0.05604,-0.01523,0.12444,0.04331,-0.14843,-0.00467,0.10780,0.09912,0.04475,0.05211,0.02355,-0.06776,0.01816,0.05152,-0.04427,0.10675,-0.09149,0.07420,-0.06312,0.08214,-0.02168,0.09231,-0.04394,-0.08589,0.08019,-0.05741,0.06997,0.07334,-0.08358,-0.08577,-0.09032,-0.10724,-0.03688,-0.14201,-0.11672
Gen 43,0.05237,0.08993,-0.12584,-0.08049,-0.08771,0.12520,0.06339,0.01617,-0.05864,0.10046,-0.01941,0.12704,0.06182,-0.00659,-0.11214,0.14281,-0.10205,-0.08922,-0.02065,-0.02874,-0.10597,0.06880,-0.09338,0.04317,0.07629,-0.08678,0.03029,0.07468,0.04147,0.02914,-0.06136,0.06948,0.13359,-0.02233,0.08465,-0.13316,0.10058,-0.09232,-0.03147,-0.05998
Gen 44,-0.12597,0.12139,-0.03895,0.00921,-0.00177,-0.11035,-0.08806,-0.12714,0.00238,-0.07154,-0.04288,-0.11758,0.08627,-0.11802,0.14571,-0.09685,0.02172,-0.13655,0.08613,-0.09312,0.00837,0.07202,-0.10502,0.01533,-0.08501,0.07776,0.06687,-0.09704,0.10859,-0.14407,0.10807,0.01767,-0.02903,0.07762,0.06508,0.14620,-0.06657,-0.14886,0.13017,0.10737
Gen 45,0.06866,0.00501,0.06209,0.08416,-0.03754,0.08110,0.07519,0.03396,-0.02944,0.05919,-0.14907,0.08247,0.11892,-0.07821,-0.11377,-0.08391,-0.05937,0.11491,0.01295,-0.06399,-0.10849,-0.06296,0.03416,-0.05276,-0.01279,-0.01676,0.09844,-0.02210,-0.04629,0.05249,-0.08356,-0.00983,-0.05557,0.03806,0.11321,-0.01569,0.08534,-0.01291,0.04687,-0.11045
Gen 47,-0.02011,0.12279,0.03164,0.08003,0.00141,-0.00058,0.10287,-0.12966,0.02198,0.13283,0.00536,-0.09166,0.10438,-0.07451,0.06022,0.01208,0.13465,0.03730,0.10139,-0.14762,0.14680,-0.12669,-0.05336,0.13385,-0.14732,0.09682,0.10836,-0.01805,-0.07328,0.09081,-0.00664,-0.10970,0.12835,0.11879,-0.00254,0.10701,-0.02443,0.05504,-0.03060,0.00172
Gen 48,-0.09313,0.13950,-0.06174,-0.11896,-0.10671,-0.14577,0.06478,0.01935,0.08837,0.00212,0.08755,0.05873,0.08335,-0.02806,0.04433,-0.09606,-0.05345,-0.09822,-0.02741,-0.07757,-0.02792,0.14257,-0.05390,0.14475,0.04089,-0.03747,0.10725,0.03588,-0.07439,0.08786,-0.02012,-0.04275,-0.05092,0.05921,-0.06940,0.09248,-0.06141,0.01324,-0.00362,0.10661
Gen 49,0.11652,-0.09468,0.02560,0.11946,-0.01616,0.12656,-0.06630,0.03265,0.05474,-0.08154,-0.14587,-0.02498,0.13154,-0.04709,0.08392,-0.09758,-0.04741,-0.10662,0.06503,0.05979,0.05655,-0.07398,0.05771,-0.08181,-0.02261,-0.03842,-0.04341,-0.13270,0.03949,0.06219,0.03408,0.04449,-0.09902,-0.10517,0.00425,0.11260,-0.09481,-0.01115,-0.02132,-0.00081
Gen 65,-0.10155,-0.04727,-0.07144,0.10336,0.09010,-0.02201,0.03210,-0.10636,0.00288,-0.06092,0.10790,0.05148,0.04004,-0.11257,-0.00882,0.14597,0.13449,0.04353,-0.10448,0.04174,0.01970,-0.00940,-0.02159,0.02978,0.10499,0.07534,0.02381,0.12741,-0.13058,0.14740,-0.13410,-0.09015,-0.02317,-0.11775,0.03710,-0.13560,-0.06461,-0.13169,0.06106,0.05054
Gen 71,-0.03643,-0.09354,0.07410,-0.04789,0.08859,-0.00363,0.00770,-0.14145,0.04327,-0.04480,-0.08124,-0.01983,-0.03526,-0.00906,0.14385,-0.04069,0.08232,0.01583,0.11674,-0.04351,-0.07634,0.12331,-0.13694,0.13523,0.01692,-0.03709,0.14852,-0.13249,0.00501,-0.14067,0.02135,-0.09586,0.03929,0.14428,0.11247,-0.01445,0.06254,0.08324,-0.00155,0.00856
Gen 72,-0.10476,-0.03918,-0.10733,0.06807,-0.00690,-0.01534,0.11580,0.00829,-0.02727,-0.06933,-0.12840,-0.02456,-0.14227,-0.06265,0.00105,0.13978,-0.11719,0.05191,-0.00002,0.08313,-0.10692,-0.12504,-0.03023,0.08909,-0.09250,0.08033,-0.06291,-0.08493,-0.14499,-0.03040,-0.03568,0.04780,-0.12872,-0.10422,-0.14503,-0.11586,0.04554,-0.02920,-0.05369,0.01737
Gen 73,0.14804,0.10035,0.05989,0.12548,-0.13808,-0.12890,-0.00780,-0.04525,0.13118,-0.00313,0.01189,0.11858,-0.01601,0.11311,-0.07393,-0.06786,-0.05149,0.01427,-0.08396,0.05143,-0.10716,-0.12177,0.11106,-0.07894,-0.03420,0.02146,0.00774,-0.12719,0.11224,0.13534,0.09375,-0.06486,0.00835,-0.04817,0.01640,0.14232,-0.05649,0.05064,-0.05221,0.08234
Gen 75,-0.05226,0.11695,0.07551,0.07879,-0.00916,-0.08677,-0.13756,-0.05345,-0.13887,0.05816,0.05111,-0.02086,0.08034,0.01080,-0.13804,-0.10956,-0.09198,-0.04930,-0.13431,0.03154,0.00362,0.03524,-0.02029,0.10431,-0.01378,-0.14538,0.11192,0.04686,0.09690,0.13553,-0.13473,-0.07948,-0.13100,-0.02350,0.10915,-0.12551,-0.00807,-0.11234,0.08187,0.10243
Gen 79,-0.13701,-0.00407,-0.07818,0.13574,0.13317,0.03418,0.14205,-0.04654,0.11936,-0.01962,-0.07926,0.13225,0.05527,-0.13053,0.11113,0.06041,0.03148,0.06971,-0.07397,0.03015,0.09439,-0.13377,-0.11085,0.10273,0.03550,0.00939,-0.07551,-0.06148,0.11181,-0.02350,-0.13067,0.11910,-0.08899,0.09787,0.11453,-0.00397,0.02954,0.00818,0.03745,0.10651
Gen 80,-0.06536,0.11513,0.02031,-0.11547,-0.08190,0.02879,-0.07817,-0.11058,-0.10145,0.10346,0.03066,0.13907,-0.04630,0.02869,0.02970,0.03471,-0.13225,0.07510,0.13446,0.01040,-0.09223,0.07588,-0.14780,-0.05152,0.12528,0.02651,0.10656,0.03140,0.09677,0.11385,-0.05370,-0.11311,0.06639,-0.01790,-0.11198,0.02695,-0.13918,-0.08995,0.08649,-0.14637
Gen 81,-0.05900,-0.14359,0.14925,0.02461,-0.06199,0.12868,0.00214,-0.01359,0.02636,-0.07076,-0.05841,-0.03850,-0.07667,0.02536,0.05875,-0.12842,0.14132,0.07592,0.09185,0.07549,-0.12598,-0.00549,-0.01630,0.05174,-0.01538,0.06129,0.05449,0.05914,0.03558,-0.10471,0.07824,0.08431,0.12123,-0.07987,-0.09700,-0.03267,-0.05383,0.09464,0.03406,0.07800
Gen 98,-0.02170,-0.12017,-0.11549,-0.03798,-0.09185,0.09622,0.02989,0.05665,-0.00267,-0.12355,-0.07948,-0.01152,-0.09042,-0.14236,0.06882,0.06748,-0.05088,0.10305,-0.02147,0.10941,0.04712,0.02431,-0.08978,0.00886,0.11833,-0.05850,0.11128,0.12262,-0.05105,0.05492,0.11977,-0.12729,0.11358,-0.09275,0.10493,0.05014,-0.04670,-0.10459,0.04061,0.10434
Gen 101,0.09655,0.03847,0.13689,0.02698,-0.09065,-0.02120,-0.04898,0.14758,-0.03593,0.14781,0.00564,-0.09832,-0.12763,-0.03891,-0.11297,0.04036,-0.02582,0.14727,0.12899,-0.10523,-0.03154,-0.01153,0.01828,0.08411,-0.00384,-0.02400,-0.07140,0.12324,-0.14332,0.09634,-0.09346,0.05573,-0.04344,0.14226,-0.11317,-0.09373,0.11683,0.02502,-0.05723,-0.14977
Gen 102,-0.08172,-0.10638,-0.08897,0.11890,0.11193,0.06009,-0.00885,0.09814,-0.00125,-0.04095,-0.06732,0.12742,-0.03390,-0.00214,-0.07367,0.11549,-0.03502,-0.06073,0.06528,-0.09274,-0.11454,0.10110,0.07324,0.02716,-0.07713,0.03697,0.04151,-0.05173,-0.12975,0.11416,-0.01201,0.07916,-0.07383,0.02742,-0.02136,-0.03537,-0.11199,-0.07672,-0.12620,-0.05914
Gen 177,0.07251,0.03450,0.05172,-0.14749,0.05351,0.00095,-0.08073,-0.09753,-0.09451,0.10328,0.14478,0.12412,-0.04579,0.08407,0.01394,0.09493,-0.00488,0.02699,0.08618,-0.11993,0.01110,-0.04020,0.03129,0.13764,-0.03215,-0.03211,0.08719,0.04352,-0.03183,0.05669,-0.02880,-0.10917,-0.01481,-0.04967,-0.08461,0.12773,0.05689,0.02965,0.07400,0.01259
Gen 179,0.06016,0.12917,0.10879,-0.09977,-0.07106,-0.12852,0.14360,-0.07908,0.04818,-0.12311,-0.08677,0.00085,-0.11851,-0.03334,0.01140,-0.04824,0.01677,0.01103,-0.03282,0.05888,0.05354,0.05619,0.01845,-0.04258,0.03393,0.13072,0.02907,0.14388,-0.01770,0.07188,-0.13872,0.07942,0.00548,-0.14841,-0.06684,0.01045,0.08039,-0.13407,0.01472,0.09030
Gen 180,0.04487,0.12943,-0.12758,-0.06696,0.12577,0.07950,0.02992,0.09989,0.11881,0.14182,0.14956,-0.10811,-0.12884,-0.12796,-0.14558,0.14155,-0.12157,0.10252,0.05555,-0.00373,-0.04599,-0.04391,-0.07385,0.12331,0.06769,-0.14222,-0.01154,-0.06561,-0.14131,0.11540,0.08130,-0.05108,0.08897,-0.05261,-0.05764,0.12843,0.14307,0.00707,0.13558,0.11640
Gen 181,0.00541,-0.03818,0.06311,-0.01331,0.03156,0.14712,0.08217,-0.04972,-0.12330,-0.09453,0.00806,-0.02487,0.09020,0.12996,-0.09664,0.10802,0.13722,0.13784,-0.13864,-0.13272,-0.14826,-0.05620,-0.13329,-0.06184,-0.04320,0.13610,-0.00691,-0.06653,0.00090,0.04301,-0.11663,0.07742,0.10558,0.10327,0.11715,-0.03545,-0.01686,-0.11953,-0.08226,0.14140
Gen 182,-0.06461,0.12222,0.11717,0.12675,-0.10316,0.11392,0.03960,-0.08681,-0.04647,-0.10202,-0.01670,-0.12487,-0.10040,-0.09084,0.05731,0.02214,0.11200,-0.07661,0.03888,-0.13967,0.00486,0.10897,0.14524,-0.14704,-0.07415,-0.08285,-0.13574,-0.14695,-0.00294,-0.13636,-0.06650,0.04199,-0.06159,-0.06910,0.02716,-0.03584,0.06076,-0.00116,0.03996,-0.04398
Gen 183,-0.06389,-0.11004,0.13112,0.09145,0.13141,-0.09439,0.12995,0.13073,-0.06494,-0.06761,0.01543,-0.09441,-0.01737,-0.09440,0.13421,-0.00185,0.13918,0.04348,-0.00471,0.14031,-0.10704,0.03970,0.04857,-0.01985,-0.13219,-0.00218,-0.01046,0.09202,-0.07300,-0.03257,-0.07795,0.05593,0.14697,-0.09677,0.09643,-0.08070,-0.13261,-0.10836,0.13055,0.11656
Gen 192,-0.06322,0.13433,0.10498,-0.01960,-0.00959,0.03896,-0.10259,-0.14557,-0.07035,-0.14537,0.05235,0.01544,-0.05351,0.08406,-0.10626,-0.07654,-0.06231,-0.09122,-0.12362,0.11099,-0.12354,0.05511,-0.11388,-0.14679,0.01718,0.12213,0.10814,-0.04846,-0.14185,0.09026,0.09180,0.11055,0.05089,0.09233,0.11925,-0.01385,0.01735,0.00184,0.05760,0.05487
Gen 217,0.00609,0.09854,0.00173,0.09746,-0.06545,-0.09645,0.14096,0.07258,-0.07206,0.02437,0.13658,-0.12577,-0.12494,0.03574,-0.08265,0.07956,0.02045,0.04986,-0.11766,-0.12472,0.03754,-0.02708,-0.12382,-0.03868,0.05164,-0.09312,0.11872,0.13495,0.13847,0.06902,-0.02811,0.07312,-0.06360,-0.05567,0.03177,0.02845,0.11360,-0.07362,0.07986,0.13230
Gen 218,-0.14969,-0.00717,0.04711,0.10300,-0.09488,0.10685,-0.04069,0.11768,-0.14169,-0.12438,0.14442,0.03285,-0.02471,-0.09924,0.04497,-0.13891,-0.05652,-0.05296,0.03223,0.04525,0.10382,0.12827,0.04814,0.02345,-0.03039,0.13998,-0.10378,0.11853,-0.05670,0.01455,0.05462,-0.07906,-0.09968,0.00254,0.08756,0.05772,-0.11431,0.12022,-0.00608,0.13400
Gen 276,0.01603,-0.12456,-0.08926,0.10627,0.06178,0.11848,-0.05126,0.00840,0.04512,0.02829,-0.08056,-0.02195,-0.07557,0.10368,0.14600,-0.13003,0.06418,-0.05097,0.03763,-0.07256,0.04530,-0.03866,-0.06155,0.12353,0.13275,0.03407,-0.08566,0.13183,0.07514,0.07533,-0.08648,0.09905,-0.07797,0.03949,0.06322,0.07272,-0.03292,0.07795,0.12088,0.02623
Gen 278,-0.12288,-0.11131,-0.11842,-0.09818,-0.11207,0.08349,-0.13818,-0.07753,0.11372,0.14206,0.03163,0.14287,-0.13696,0.13457,-0.05661,0.08969,0.09319,0.10800,-0.01243,0.12919,-0.07263,0.13033,0.03574,0.14563,-0.14021,0.06755,0.01967,-0.00227,-0.07223,-0.05195,-0.07516,-0.08422,0.08990,0.00072,-0.12504,0.08310,0.01009,0.07182,0.00462,-0.03002
Gen 288,0.14587,-0.14153,0.12983,0.12926,-0.03272,-0.08566,0.03576,-0.09661,0.09096,-0.07382,-0.06276,0.12477,0.12088,0.01061,0.10885,-0.04424,0.14937,-0.01989,-0.06156,-0.13753,0.14691,-0.01053,0.07038,0.04224,0.06693,-0.13467,0.12601,0.12805,0.01560,0.13917,-0.06571,0.03064,-0.03106,0.03841,-0.05981,0.09581,-0.12906,-0.13744,-0.13518,-0.10486
Gen 289,-0.03139,0.13662,-0.11676,0.04427,0.00829,-0.04403,-0.09054,-0.08382,-0.13685,0.06395,0.04615,-0.01687,0.06568,-0.11701,0.13162,0.10429,0.04771,-0.03635,-0.02503,-0.00535,0.13059,0.10908,-0.00662,0.01636,0.11262,0.13478,0.04176,0.07456,-0.04451,0.12541,0.10103,0.01562,0.11029,0.10496,0.09252,-0.11079,0.01080,0.12023,0.08125,-0.02379
Gen 291,0.14336,-0.07477,-0.04992,0.13626,0.09261,0.12010,-0.14652,-0.03607,-0.07934,-0.06122,0.07140,0.06723,-0.01146,-0.04042,0.02541,0.01011,0.01517,0.03464,-0.03131,0.08152,-0.07464,0.04673,0.13812,-0.14893,0.06701,-0.11730,0.01314,0.03807,-0.07712,0.12415,0.03669,-0.08049,0.08104,-0.11835,0.01657,-0.12151,0.02430,-0.07411,0.04484,0.06475
Gen 292,0.00726,0.04726,0.09399,0.09225,0.03590,-0.01467,-0.02762,0.11242,0.06088,-0.09452,0.01972,0.12264,-0.10479,0.10366,0.09606,-0.00020,-0.13872,-0.10575,0.12679,-0.13675,-0.03825,0.03571,-0.09092,0.14432,-0.10321,0.01190,0.03540,-0.08070,-0.01011,-0.00270,0.08006,0.04028,-0.00973,0.05008,-0.01399,0.00771,0.04757,-0.09564,0.08641,0.03086
Gen 311,0.14410,-0.08329,-0.01012,0.11869,0.03043,0.06779,-0.02590,0.05529,0.13382,-0.08994,0.09221,0.14086,-0.14563,-0.08544,-0.11479,0.08023,-0.12564,0.14952,-0.03312,0.12156,-0.09343,-0.01774,0.10344,0.02858,-0.01135,0.00379,0.02217,-0.01790,-0.09193,-0.11581,-0.10463,-0.13425,0.01760,0.10432,-0.04226,-0.12741,-0.02228,0.03060,-0.02238,0.09322
Gen 321,0.13257,0.11097,0.06120,-0.00891,0.05481,-0.14597,0.14474,-0.09838,0.12188,0.09213,0.09004,-0.06932,-0.08425,-0.02136,0.10481,-0.01489,0.13063,-0.04420,0.03582,0.14421,0.04304,-0.13635,-0.01093,-0.04957,0.00965,-0.06458,-0.11332,0.05049,0.05441,0.11014,-0.11029,0.08959,0.09803,0.04396,-0.08852,-0.07157,-0.02445,0.01254,-0.00677,-0.00976
Gen 322,0.10195,0.11103,0.09503,0.11334,0.02130,0.13921,0.03196,0.03118,-0.05421,0.05436,-0.13441,-0.10964,-0.11093,0.04656,-0.09740,-0.04766,-0.13671,-0.07988,0.13927,0.00274,-0.10468,0.00690,0.13305,0.10971,-0.03238,-0.06484,0.07852,-0.07785,-0.07373,-0.12477,0.10924,-0.01563,0.01854,0.07101,0.08895,-0.01575,-0.09476,0.09862,-0.14070,0.13402
Gen 323,0.02309,0.11262,0.03257,-0.07450,-0.06116,0.00988,0.13862,-0.09465,0.00297,-0.04686,0.08092,0.09086,-0.02263,-0.08876,-0.12987,-0.09041,-0.06828,0.02964,0.11193,-0.11153,0.13746,0.05495,0.07259,0.14486,-0.02517,0.00948,0.05376,0.00386,-0.06027,-0.11838,-0.06452,0.08066,0.04223,0.09040,0.00514,-0.08037,0.03839,-0.05880,-0.14114,0.12100
Gen 324,-0.02389,-0.02216,0.07238,0.13454,-0.12825,-0.09819,-0.05329,-0.07547,-0.00135,0.09734,0.10619,0.02875,-0.07795,-0.09405,0.07302,-0.07884,0.01185,0.07478,-0.08153,-0.09765,-0.13808,-0.10573,0.10543,-0.11861,-0.08291,-0.14017,0.05291,-0.08049,-0.02592,-0.10821,-0.03683,-0.02267,-0.00811,-0.02315,-0.11917,0.08177,-0.10884,-0.02271,-0.06841,-0.05970
Gen 325,0.05173,0.00534,-0.09297,-0.00926,-0.04814,0.06135,-0.08217,0.10350,0.00787,0.00019,-0.07389,-0.09415,-0.00845,0.14455,-0.11013,-0.06496,0.09019,0.04943,-0.06637,-0.05561,-0.02402,0.03084,0.06580,0.10719,0.05433,-0.07891,0.12772,0.08436,-0.05779,-0.05851,0.11435,-0.11218,0.04004,-0.06669,0.09816,-0.04064,0.07001,-0.09227,-0.00557,0.09108
Gen 338,-0.03090,-0.10153,0.04469,0.07600,-0.06594,-0.01459,0.12013,0.11160,0.06216,0.02727,0.09521,0.12229,-0.14925,-0.03083,0.01842,0.07018,-0.12376,-0.03007,-0.06611,-0.02295,-0.00061,0.04800,-0.00113,0.03614,0.02473,-0.02150,-0.14851,-0.09165,-0.05394,-0.10591,0.02960,0.03345,0.00003,-0.05375,0.04598,-0.09291,-0.14824,0.07048,-0.01695,0.05935
Gen 339,-0.09449,-0.13121,-0.03657,0.05880,-0.11915,-0.09125,-0.01381,0.03634,0.07504,-0.11708,0.03739,-0.03379,0.05103,-0.08893,0.00838,-0.09835,-0.14440,-0.00391,-0.09475,0.04150,0.01097,0.08248,-0.03211,0.14684,0.00456,-0.00635,0.07483,0.02181,-0.04126,-0.00323,-0.09326,-0.03192,-0.14101,-0.01124,-0.06766,0.00801,-0.14122,0.01653,-0.06210,0.02325
Gen 340,0.06983,-0.01790,0.04895,-0.07833,0.14958,-0.07714,0.13225,-0.08483,-0.00073,0.09635,0.06498,0.06167,-0.01787,0.07625,0.12599,-0.01759,0.00839,-0.13019,-0.03277,-0.00983,0.11854,-0.11683,0.06934,0.01364,0.03196,-0.14107,-0.10598,-0.06481,-0.14854,0.05075,0.11108,0.01409,0.01295,0.03472,-0.05935,-0.03998,0.02248,0.09276,-0.08952,-0.05174
Gen 341,0.07288,-0.04772,-0.13572,-0.10309,-0.09184,-0.00147,0.04054,0.11407,0.12076,-0.05785,0.07601,-0.06527,-0.03943,-0.06218,-0.02589,-0.08559,-0.05430,-0.11342,0.13891,0.00119,0.12693,0.07385,-0.01269,0.07639,0.03841,-0.05887,0.00650,0.06369,-0.05841,-0.14624,-0.06952,0.08902,0.12900,0.03760,-0.11016,0.07727,0.00807,0.07616,0.10758,0.13426
Gen 342,0.04636,0.10628,0.07278,0.06813,0.10764,0.12690,0.12062,-0.03127,-0.12479,0.09887,0.01168,0.01262,0.09755,-0.14040,0.11339,-0.13961,0.05796,0.02625,0.04252,-0.03778,-0.06736,0.00282,0.11575,0.01959,0.04894,-0.01759,0.14164,0.07276,-0.04353,0.04606,0.01278,0.11522,-0.06748,-0.11758,-0.09262,-0.03389,0.10622,-0.06875,0.03791,0.03707
Gen 343,-0.02759,-0.13490,0.07345,-0.06128,-0.03046,-0.03683,0.04908,-0.12410,0.01497,-0.14537,0.14491,0.02953,-0.03477,-0.10598,0.05906,0.12174,-0.05457,0.07995,-0.06375,0.13717,0.06069,0.03750,0.12922,-0.06929,0.12708,0.05342,0.08141,0.02149,0.10017,0.05948,-0.10602,0.03374,-0.06620,0.12476,-0.09053,-0.06429,-0.13570,-0.01573,0.01728,0.02207
Gen 344,0.12161,-0.04578,-0.01574,0.10537,0.02305,0.04620,-0.06649,-0.00376,0.03629,-0.10998,-0.14013,-0.11598,-0.00676,-0.14279,0.03786,-0.12073,-0.07471,-0.02205,-0.11525,-0.06883,-0.14368,0.14551,0.03347,-0.03649,-0.14204,-0.03305,-0.01423,0.12930,-0.06645,0.03443,0.04955,-0.09421,0.00173,0.08595,-0.12103,0.03181,-0.14218,-0.14789,-0.13214,-0.00558
Gen 345,0.12771,-0.02833,-0.12749,0.10841,0.00579,-0.05432,0.13891,0.13148,-0.07199,-0.08958,0.02667,0.10276,-0.04898,0.02593,-0.10133,-0.09162,0.07840,-0.10497,-0.07023,0.05685,-0.14547,-0.14034,-0.06374,-0.04901,-0.04134,0.09216,-0.13921,-0.04248,0.04148,-0.10710,0.10732,0.04367,-0.11541,-0.08757,0.07365,-0.02898,-0.00466,0.11624,-0.10877,0.13931
Gen 346,-0.13721,-0.12017,-0.08303,0.09198,-0.01324,0.04598,-0.09770,-0.09998,0.00625,0.07209,-0.01126,0.11088,0.04812,-0.07527,-0.07953,-0.03779,0.07698,0.13138,0.10857,-0.07152,-0.02632,0.03346,0.01405,-0.03322,-0.11957,0.06367,-0.12356,0.10982,0.10903,0.06254,-0.00407,0.05974,-0.03150,0.08925,0.08593,-0.10334,-0.05465,-0.04681,-0.04075,0.01999
Gen 363,-0.13749,0.04799,-0.08951,-0.02506,-0.01473,-0.04538,-0.03502,-0.09591,-0.12956,0.01538,0.02876,-0.10635,-0.08072,-0.06409,0.09923,-0.10397,0.01564,0.02044,-0.04697,-0.04481,0.13773,0.01600,0.04582,-0.00278,0.04399,0.03158,-0.10645,-0.04960,-0.01187,-0.11165,-0.04108,-0.08156,0.10425,-0.04756,-0.08196,-0.02755,0.05492,-0.13031,-0.09578,0.05829
Gen 400,0.07568,0.03533,0.11376,-0.09936,0.06106,0.12518,-0.10478,-0.07687,0.01401,-0.04676,0.05719,-0.13273,-0.10177,0.06487,0.14119,0.12887,0.12032,-0.11168,-0.10622,-0.12832,0.01276,0.11475,0.00954,0.08451,-0.09346,0.10893,-0.09377,-0.13357,-0.02355,0.01653,0.14122,-0.12247,-0.06782,-0.11847,-0.03287,-0.06330,0.00399,-0.04552,0.12847,0.08698
Gen 422,0.10830,-0.11115,0.02252,-0.08557,0.11047,-0.14549,-0.11828,-0.03718,-0.02937,-0.06683,-0.12118,-0.11438,-0.05462,0.13524,-0.08778,0.07418,-0.07254,-0.13883,-0.14518,-0.10419,-0.01137,0.07677,0.06864,-0.04428,-0.00626,0.09422,0.10152,-0.05402,-0.14872,-0.13592,0.07134,-0.06821,-0.00555,-0.09239,0.10413,0.00101,0.00815,-0.06358,0.00360,-0.14941
Gen 429,-0.06681,-0.04537,-0.06481,-0.12421,0.00653,0.08654,0.13278,-0.00081,0.02813,-0.06274,-0.10525,-0.11044,0.06971,0.07034,-0.09619,-0.02593,0.02824,-0.11242,0.08561,0.03600,0.03457,0.06036,0.14615,0.01872,0.10932,-0.02439,0.04634,0.12758,0.04925,-0.05908,0.03598,-0.04460,-0.05329,0.03306,-0.10190,-0.00398,0.13369,-0.03483,-0.09331,-0.00935
Gen 435,0.10227,0.10280,0.09834,-0.14656,-0.06989,0.14996,-0.11410,-0.00297,0.08701,-0.11334,0.04872,-0.00358,-0.09171,0.11359,-0.09555,0.04172,0.07225,0.01880,0.03865,-0.11431,-0.05759,0.02609,-0.03136,0.04918,0.10559,-0.09293,0.12098,-0.03505,0.13294,0.03521,0.08703,0.00443,0.00934,-0.05172,-0.11119,-0.03485,-0.08551,-0.14014,-0.06753,-0.09583
Gen 436,0.11266,-0.12563,-0.09483,0.06121,0.12577,-0.07456,-0.14361,0.13815,0.05467,-0.05680,-0.00829,0.02978,-0.03784,0.11235,0.06785,0.13630,-0.04468,0.13115,-0.00627,0.04270,0.07099,0.09280,-0.03112,-0.01562,0.09518,0.06527,0.13225,0.14388,-0.09633,-0.08162,0.06480,0.07421,0.03095,0.11319,-0.07440,-0.04815,-0.00161,-0.05549,0.01363,0.05474
Gen 440,-0.08389,-0.00440,0.14789,-0.05275,-0.13939,0.09521,0.00099,-0.13416,0.11709,-0.02865,0.12878,-0.02938,-0.12695,-0.07641,-0.04492,0.07522,-0.09458,-0.02071,0.11197,0.01013,-0.11905,-0.14264,0.06174,0.14374,0.08555,0.07942,0.05263,0.08865,-0.13799,-0.07060,0.05862,0.11010,0.05238,-0.09712,0.13089,0.12101,-0.12400,-0.09210,-0.06744,0.07152
Gen 441,0.10781,0.02350,-0.09011,-0.02547,-0.10864,0.12522,0.07936,0.00306,-0.01393,-0.12065,-0.05440,-0.11381,0.08470,0.01347,-0.08182,-0.08274,-0.07188,-0.05734,-0.03369,-0.06074,0.05387,-0.13948,-0.05157,0.07359,0.13284,0.09082,-0.07775,-0.08013,-0.09290,0.11475,-0.07864,0.07745,-0.07169,-0.14008,0.07003,0.06786,-0.12331,-0.05199,0.13451,-0.10112
Gen 492,-0.12400,0.02838,0.12930,-0.10987,0.00390,0.05520,-0.09845,-0.14662,0.11630,-0.13943,-0.07276,0.04551,-0.06427,-0.14709,0.02264,-0.05766,-0.10455,0.14138,-0.10051,0.06817,0.11722,0.10761,-0.09472,-0.07896,-0.14449,0.12942,0.11614,0.02864,-0.11719,-0.09794,0.02309,-0.07450,-0.05995,-0.09870,-0.09312,-0.01097,0.00296,0.00347,0.14914,-0.11112
Gen 493,0.07685,0.08813,0.02546,-0.01118,0.11803,0.09845,-0.13491,0.13890,-0.14780,0.02194,0.02173,0.10031,-0.03459,-0.12269,0.02451,-0.14255,-0.04146,0.14560,0.11063,-0.10425,0.08965,0.09330,0.12846,-0.08268,-0.00031,0.09823,0.05020,0.02818,0.04559,-0.07845,-0.14234,0.07088,-0.05196,-0.03697,0.03378,0.04715,-0.08913,0.09781,-0.03594,0.03952
Gen 496,0.13992,0.01944,-0.04233,0.03569,0.00054,-0.01429,0.06968,0.12735,-0.00622,-0.12353,0.02090,-0.07651,-0.13813,0.08644,-0.06817,0.08312,-0.00354,-0.05462,-0.05579,-0.13739,0.01032,0.09707,-0.12483,-0.11743,0.00878,0.04804,0.05842,-0.05603,-0.13867,-0.02563,-0.08219,-0.14967,0.05571,0.13562,-0.03265,-0.05991,0.01613,0.10559,0.08849,0.05543
Gen 497,-0.02037,0.05713,-0.08519,-0.06482,0.08335,0.12899,-0.09299,-0.06118,-0.14814,-0.02053,-0.08691,0.04243,0.06288,-0.11437,-0.12536,0.12190,-0.03323,0.01002,0.13897,0.07772,-0.05234,-0.12425,0.01081,-0.04916,-0.14349,0.08135,-0.03453,0.02140,0.07672,0.13225,0.03370,-0.05538,-0.11698,-0.12782,-0.05409,0.04825,0.05855,-0.08768,-0.12516,-0.05835
Gen 498,0.01427,0.07640,0.00890,-0.06390,0.03725,-0.07055,0.04581,0.10257,0.04168,0.01969,-0.05786,0.11303,0.14665,0.08324,0.02209,-0.10762,-0.05552,-0.03994,-0.06243,-0.01621,0.03319,-0.08613,-0.07507,-0.11635,-0.05772,-0.00077,-0.00306,0.14867,0.14433,-0.01903,0.14161,-0.08568,0.01234,-0.01397,0.14028,0.10085,-0.08576,-0.01814,-0.09946,0.00873
Gen 502,0.08805,-0.13924,-0.09259,0.14324,0.13824,0.01698,0.04383,-0.06837,0.13563,0.05093,0.05004,-0.14667,0.10589,0.08350,0.05548,0.07223,-0.10303,0.06563,-0.12095,0.06208,-0.14921,0.08286,-0.00253,-0.08868,0.06877,-0.05530,0.11515,-0.09593,0.13157,0.14123,-0.05865,0.10875,0.10265,-0.02262,-0.04089,-0.06527,0.14797,-0.07327,0.12620,-0.02150
Gen 503,0.13063,0.10165,-0.10327,0.02229,0.05205,-0.02825,-0.14854,-0.05240,0.10168,-0.13115,-0.11837,0.06054,0.00425,-0.00055,-0.03792,0.03105,0.10544,-0.06692,0.10343,-0.02501,0.00030,0.06889,-0.07238,0.12649,0.06062,0.03568,-0.06810,0.05875,-0.07284,0.09494,-0.14656,-0.10004,0.01735,0.06368,-0.00226,0.11334,0.14276,-0.01072,0.08040,-0.00157
Gen 504,0.04953,-0.08254,-0.11714,0.14370,0.09450,-0.06438,0.02575,-0.03598,-0.09710,-0.02435,-0.06084,-0.14501,-0.03379,0.12627,0.09846,0.02222,-0.05441,-0.08062,0.13681,0.01938,-0.08472,-0.07516,0.13788,-0.07836,-0.11799,-0.09481,0.07987,0.06263,-0.01862,0.08814,0.00525,-0.02592,-0.11477,0.11517,-0.06732,0.03488,0.14537,-0.09317,0.13956,0.04581
Gen 505,-0.11138,0.08158,0.13553,0.01883,0.05657,-0.14210,0.14672,-0.05446,-0.14283,0.09257,0.14198,0.07128,-0.14918,-0.13099,0.02528,-0.04929,0.11455,0.11210,0.14626,0.06475,0.11307,-0.05410,-0.11665,0.10961,-0.05896,-0.02420,0.04381,0.03153,-0.02372,-0.03415,-0.11320,0.01016,-0.08014,0.07644,0.05246,-0.12842,0.14678,0.08414,-0.08165,-0.14078
Gen 511,-0.00649,-0.04418,0.01395,0.04790,0.08917,-0.14594,0.06429,-0.06141,0.14592,0.10387,0.01812,0.02933,-0.09238,-0.08212,-0.10380,-0.03666,-0.11641,0.00338,0.04154,-0.11334,-0.04674,-0.12890,0.00773,0.04509,0.03464,0.09416,-0.07933,0.03545,-0.05915,-0.12337,-0.05842,-0.12859,0.13757,0.06815,-0.11956,0.08588,-0.04435,0.12343,-0.00135,0.11181
Gen 512,-0.08384,-0.03984,-0.03995,-0.12086,-0.05070,0.04791,-0.01004,0.11377,-0.06910,-0.04355,-0.05389,0.01552,-0.09353,-0.09803,0.13184,-0.03701,0.02613,-0.13345,-0.10774,-0.12109,0.09363,-0.11906,0.00489,-0.10333,-0.06635,0.11478,0.03948,0.13910,0.02991,-0.14714,-0.02531,-0.14327,-0.05580,-0.00551,0.02264,-0.07840,0.01749,-0.03152,0.00197,-0.09121
Gen 557,-0.10297,0.07636,-0.05101,0.04326,0.01964,0.11986,0.11421,-0.01707,-0.08858,0.03966,0.04105,0.05773,0.12224,0.08477,0.03759,0.03029,-0.08617,0.04541,0.09435,0.12670,0.12500,0.01833,-0.07205,-0.04986,0.14933,0.00768,0.09477,0.02910,0.00208,-0.04544,0.01133,-0.14798,0.11301,0.01845,-0.14272,0.09545,-0.10939,-0.14081,-0.01130,0.13820
Gen 558,-0.12192,-0.13032,0.11398,0.09641,0.09599,-0.00965,-0.02175,-0.02968,0.02466,0.06869,0.08529,0.04644,0.01874,-0.02628,-0.05403,-0.06413,-0.06115,0.05483,0.07873,0.02929,-0.08314,-0.09168,0.07971,0.14361,-0.14523,-0.07533,0.08769,0.06575,-0.07621,0.01647,0.02568,0.06642,-0.01090,-0.02855,-0.05760,-0.07851,-0.12225,0.04377,0.05087,0.05620
Gen 559,-0.14906,-0.01852,-0.11323,0.00798,0.14392,-0.00022,-0.03761,0.09415,0.14046,-0.06386,0.09090,0.14884,-0.11645,0.00931,0.09406,-0.03711,-0.01627,0.07527,-0.12050,-0.04184,0.01911,-0.07842,0.10199,0.07976,0.13966,0.00690,-0.11804,0.13099,0.10027,0.01333,0.10089,0.11451,0.08282,0.02138,0.03459,0.10332,0.03666,-0.08806,0.05745,0.00960
Gen 560,-0.07103,-0.14976,-0.07935,0.05207,0.11350,0.09921,-0.11757,-0.12866,0.07848,-0.06455,-0.06846,-0.14940,-0.12044,-0.10932,-0.10219,-0.01641,0.09424,0.09369,0.12300,-0.01692,0.06261,-0.00350,-0.13505,-0.12587,-0.07622,0.14449,0.05758,-0.06960,0.06188,0.04840,-0.13701,-0.04155,0.08212,-0.12644,0.11532,0.12926,0.10593,-0.11479,0.01955,0.06227
Gen 569,0.11639,-0.12127,0.09473,-0.06660,0.02769,0.06594,0.08311,-0.06160,0.03221,-0.06376,0.14950,0.09435,-0.02581,0.11374,0.06975,0.12862,-0.09852,-0.06155,-0.12188,-0.05461,-0.03564,0.03981,-0.00854,0.06530,-0.06923,-0.09808,-0.03626,-0.01858,-0.02336,0.12407,-0.06913,-0.04439,-0.08544,-0.03842,-0.03304,0.02263,-0.06649,-0.07215,0.06572,0.12305
Gen 570,-0.11337,-0.09531,-0.11007,0.05508,-0.08580,0.03137,-0.08950,0.09533,-0.05517,0.05089,-0.10538,-0.05822,-0.06083,0.04052,0.05426,0.10357,-0.09500,0.07813,0.06358,0.01726,0.04505,-0.12300,-0.10594,-0.02533,0.06341,-0.09965,-0.03331,-0.00062,0.13051,-0.13344,0.09870,0.14525,-0.06982,0.11702,-0.06291,0.08970,-0.01204,0.02928,-0.07900,0.05628
Gen 8,-0.10539,0.01791,-0.00170,0.10116,-0.00556,0.08542,-0.02991,-0.05763,0.08617,-0.02446,-0.00097,0.02320,0.09590,0.02440,-0.02816,-0.10182,0.06063,0.11497,-0.11749,-0.01014,0.13036,0.01905,0.01358,-0.13096,0.01059,0.04636,-0.10602,0.13691,-0.09115,0.05218,-0.06770,-0.11747,-0.07173,-0.04975,-0.01058,-0.07969,0.06825,0.09216,0.08729,0.06472
Gen 9,-0.06911,-0.08686,-0.11726,-0.03100,-0.12382,0.04662,0.13495,0.07669,-0.11493,-0.14386,-0.04953,0.14786,-0.05615,0.07125,0.06496,0.02177,-0.03971,-0.08752,0.14400,-0.13023,-0.07913,-0.05733,0.12285,0.06401,-0.07039,-0.10065,0.11415,0.08813,-0.13848,0.11379,0.02638,-0.01274,0.05216,-0.13817,-0.05090,-0.12359,0.05509,-0.03060,-0.00631,-0.06306
Gen 11,0.08649,-0.13605,-0.06566,0.02718,0.08704,0.03048,0.06915,-0.14294,-0.07352,-0.13737,0.00000,0.14674,-0.14594,-0.01774,-0.14856,0.03387,-0.09499,0.06382,-0.10211,0.09857,-0.08815,-0.04434,-0.08083,0.09231,-0.00292,0.11215,-0.11097,-0.00031,0.08298,0.14436,0.05201,-0.09510,0.07793,-0.12761,0.07883,0.09834,0.01776,-0.00218,0.13096,-0.14997
Gen 17,-0.14713,-0.07441,0.00170,0.01212,-0.03861,-0.06219,-0.08929,0.09008,-0.05522,-0.00226,0.09339,0.03371,-0.02742,-0.09693,-0.03070,-0.00444,0.14718,-0.06474,-0.10031,-0.08383,-0.08656,-0.12719,-0.04053,-0.06458,0.11628,0.08408,-0.11728,0.10515,-0.11712,0.06606,0.02185,-0.12396,0.12160,0.11237,0.10316,-0.03913,-0.08311,0.14913,0.09520,-0.13736
Gen 21,-0.03802,0.09366,0.00852,-0.07586,0.08787,-0.07147,-0.14988,-0.08060,0.14801,0.04686,-0.08380,0.05584,0.05608,0.04222,-0.12884,-0.07711,0.11125,0.07042,-0.09966,-0.06042,0.01882,0.09793,-0.08985,-0.11950,-0.03544,0.12371,-0.07185,-0.11751,-0.13322,-0.04450,-0.13871,0.02491,0.05177,-0.01185,0.07234,0.00031,0.06071,-0.08081,0.07338,0.00049
Gen 23,0.06161,-0.01599,0.00178,-0.13754,-0.00321,-0.10731,-0.10725,-0.01999,0.02286,-0.04709,-0.10185,0.07242,0.13893,0.07009,-0.12688,0.10227,-0.12975,-0.01911,0.12866,-0.07105,-0.11161,0.07867,0.12858,-0.05227,-0.08026,-0.09525,0.13897,0.02299,0.10803,-0.05750,-0.13307,-0.01386,-0.08787,0.00570,0.01140,-0.06171,-0.05776,-0.14275,-0.02388,-0.05289
Gen 25,0.03585,0.10793,-0.00221,-0.12519,0.13004,0.09250,-0.04034,-0.05078,0.13138,-0.03753,0.04074,0.14560,-0.13898,-0.05561,-0.08063,0.12671,0.01534,-0.13389,0.07657,0.05523,0.04865,0.13672,0.11238,0.07598,-0.08320,-0.10860,-0.08373,-0.08835,0.02039,0.04891,0.00823,-0.13310,-0.04105,0.14032,0.05865,-0.03908,0.05149,-0.07047,-0.12676,0.00842
Gen 31,-0.06307,-0.00550,0.12060,0.04552,0.06700,-0.11922,-0.00610,-0.02870,0.04406,-0.06368,-0.03508,0.14431,-0.11556,-0.09003,-0.07829,0.05900,0.06411,0.08543,-0.03569,0.10572,0.05920,0.06398,0.09660,0.03868,-0.02333,-0.14076,0.02864,0.01913,0.03024,-0.05314,0.01646,-0.09850,0.04496,-0.12850,0.11252,-0.08516,-0.06185,0.11542,0.11508,0.10088
Gen 33,-0.05192,0.12070,0.08154,0.04742,0.11994,0.08494,-0.02258,-0.05272,-0.03184,-0.13158,-0.04097,-0.04409,0.10969,0.11661,0.13892,-0.05154,0.05800,0.03992,-0.07727,0.11100,-0.08577,0.07431,-0.10660,-0.11795,0.06610,0.00790,-0.01713,0.08345,-0.04238,0.10600,0.13865,0.14374,-0.06671,-0.02550,0.06750,0.11846,0.06339,0.07744,0.11502,-0.03992
Gen 38,0.01276,0.01043,0.04427,0.11856,0.03025,0.14098,0.06964,-0.02541,0.02434,0.12670,0.03555,0.06298,0.04839,-0.04916,-0.08900,-0.02766,-0.10477,0.09790,0.06314,-0.02968,-0.09859,0.11274,0.04172,0.14898,-0.11967,-0.07655,-0.12490,0.07342,-0.10213,0.11450,-0.00256,0.00785,-0.13724,0.03422,-0.08172,-0.08595,0.11860,0.11640,-0.14842,0.09969
Gen 39,0.12069,0.00358,0.04685,0.08034,0.05563,-0.01227,0.02204,0.02222,0.10264,-0.07787,0.07717,0.09370,0.08911,0.09231,0.09878,-0.02475,0.03537,0.07657,0.08093,0.13758,0.14252,0.01942,-0.01028,0.10066,-0.08401,0.07992,-0.09240,0.02749,0.03205,-0.01745,0.10937,0.01304,-0.00218,-0.02456,-0.13133,-0.04136,-0.12216,0.01969,0.04215,0.08033
Gen 40,0.03976,-0.09388,0.07507,0.01466,-0.11935,-0.14255,-0.06038,0.05700,0.12984,0.13995,0.07936,-0.06203,0.03662,-0.08067,0.07521,-0.10024,0.07694,0.11058,0.00585,-0.13031,-0.01533,0.10135,-0.09607,-0.13843,0.06981,0.01891,-0.13738,0.14547,0.02080,0.02555,0.08697,0.12079,-0.13177,-0.04545,-0.08997,-0.01045,-0.12256,-0.12957,-0.05973,0.12130
Gen 41,0.14266,0.07912,-0.14978,0.07056,-0.14340,-0.09943,-0.14685,-0.10526,0.05625,0.06061,-0.03868,0.06936,0.10419,-0.11089,-0.12378,-0.03842,-0.02883,-0.06708,0.07625,-0.05346,0.09004,0.12339,0.00394,-0.02117,-0.12252,-0.06790,0.11599,-0.07622,0.03636,-0.00150,-0.12169,0.11981,-0.12967,0.05421,0.14160,0.06281,-0.05223,-0.12797,0.02392,0.07006
Gen 43,-0.04235,0.04613,0.01998,-0.13977,0.12621,-0.03600,-0.03618,0.10391,-0.00472,-0.01468,0.04196,-0.08647,0.00849,0.05057,0.01163,0.06263,0.02956,0.10242,0.11375,-0.12065,-0.07242,-0.13360,-0.08133,0.06628,-0.12644,-0.10346,0.08123,-0.01670,-0.06296,0.04320,0.11608,-0.13872,0.05793,0.05057,0.11040,-0.09109,0.06384,-0.11883,-0.13301,0.05424
Gen 44,-0.14321,-0.13671,-0.13891,-0.01038,0.07736,0.14766,-0.08202,0.08771,0.08857,0.11167,-0.05572,-0.11012,0.08901,0.02024,-0.02560,-0.13241,-0.14803,-0.05519,-0.06856,-0.00728,0.12708,-0.02499,-0.06363,0.10357,-0.05792,0.12468,0.10902,0.04165,0.07430,-0.10280,0.03086,-0.05189,-0.00340,-0.08238,0.12059,-0.02654,-0.00698,0.06642,-0.11334,0.00092
Gen 45,0.09394,0.05320,-0.05350,0.06320,0.13033,0.11843,0.07267,-0.07017,-0.03825,0.01753,-0.03569,-0.01328,0.08806,-0.11882,0.14190,0.06139,0.10942,0.08450,-0.02034,0.13275,-0.07407,-0.13613,-0.12094,-0.08978,0.01172,-0.08292,0.10060,-0.14720,0.07377,0.14070,-0.06985,0.03714,0.06443,-0.05191,-0.02006,0.07032,-0.11065,-0.10689,-0.03738,-0.08148
Gen 47,-0.05790,-0.10498,-0.12101,0.12480,-0.04623,0.01979,0.01416,-0.01489,0.07435,-0.05053,0.11774,-0.12959,0.02247,-0.04828,-0.04083,-0.05847,0.03108,-0.07968,-0.06171,-0.06435,-0.14796,-0.03851,-0.13533,0.11231,0.06655,0.02859,0.07316,0.12033,0.05823,0.02723,-0.11272,-0.02863,0.02369,0.03085,0.13823,-0.08835,0.04895,-0.07307,-0.02467,0.14159
Gen 48,-0.05068,-0.04139,-0.01813,-0.13780,-0.03043,0.03570,0.02342,0.11202,0.04236,0.01709,0.04219,-0.13571,0.14884,-0.10449,-0.02447,-0.06142,0.02317,0.01787,-0.04437,0.14209,0.07538,0.11695,-0.01338,0.02982,-0.02596,-0.05872,0.00764,-0.09271,-0.08577,0.00324,-0.14584,-0.01635,0.14901,0.09680,-0.12496,0.04677,-0.08238,-0.11461,-0.04540,0.05315
Gen 49,0.01523,-0.13681,0.10703,-0.00672,0.10703,-0.09370,-0.12488,0.00479,-0.01364,-0.14583,-0.13819,-0.12191,-0.13780,-0.09728,0.02266,-0.00697,0.14393,-0.12878,0.11022,0.02356,0.11294,-0.13329,-0.12025,0.10893,0.02112,0.01755,-0.14610,0.04268,0.10430,0.14884,-0.02011,-0.05658,-0.02857,-0.08159,-0.08217,-0.01991,0.05536,0.04822,0.08175,-0.08496
Gen 65,0.06861,0.08858,0.01854,-0.01030,-0.10254,-0.13606,-0.01085,0.04629,-0.08624,-0.03002,-0.00071,0.13647,0.11323,0.11221,0.14898,0.08204,-0.08908,0.10197,-0.10013,0.11673,-0.04843,-0.06362,0.03187,-0.13182,0.12213,-0.03568,0.08699,0.06316,0.06124,0.00979,-0.01000,0.04362,0.05747,-0.07925,0.07614,0.13099,0.09453,0.06918,0.09651,-0.14791
Gen 71,-0.09755,-0.04741,0.07006,0.14351,0.06986,-0.00630,0.12632,-0.03669,0.04251,-0.14955,-0.09619,-0.06155,-0.03390,-0.01205,0.08902,-0.06605,-0.12520,0.00641,0.14435,-0.02977,-0.07284,0.08290,0.03468,-0.14774,0.14586,-0.00332,-0.05879,0.04952,-0.06433,-0.01094,0.04555,-0.11344,-0.00983,0.07056,0.13816,-0.14358,0.09974,0.13174,0.14575,0.13135
Gen 72,-0.11122,0.11581,-0.10414,-0.04185,-0.04165,-0.06606,-0.04356,0.01290,-0.12644,-0.03814,0.02497,-0.10973,-0.07710,-0.05617,-0.12764,0.09231,-0.07098,-0.02682,-0.02838,-0.05858,-0.11168,0.11807,0.05442,-0.06993,-0.12227,-0.11295,-0.06707,-0.13529,-0.10646,-0.00749,0.13079,-0.01978,0.06274,0.02109,0.14287,-0.09654,0.07173,-0.04488,0.14736,-0.04416
Gen 73,0.14363,0.10811,0.02932,-0.14177,-0.09434,-0.13305,0.08774,-0.12781,0.08594,-0.14161,-0.07344,-0.06072,0.01938,0.01862,0.11622,0.04121,-0.10156,-0.14190,0.07859,0.01067,0.02359,-0.02577,0.02694,-0.02831,-0.01629,0.02782,-0.00230,-0.13227,0.14304,0.10654,-0.03627,0.01396,0.12986,-0.03061,0.13343,-0.14085,0.07374,0.08910,-0.09185,-0.10114
Gen 75,0.02732,-0.00609,0.02596,-0.11032,-0.06668,-0.12910,-0.11760,0.06491,-0.14208,0.01190,-0.06040,0.11055,0.01351,0.14926,0.01832,0.01863,-0.04947,-0.07430,-0.02179,-0.08185,-0.12874,-0.02248,-0.11807,0.06694,-0.06048,-0.00289,-0.09133,0.05425,0.09925,-0.08388,-0.14766,-0.07473,0.03829,-0.05675,0.10086,0.10582,-0.03848,-0.04040,-0.14503,0.01490
Gen 79,-0.10372,-0.11620,-0.13400,-0.09621,-0.10322,-0.13935,0.14473,0.04749,-0.03390,-0.13125,-0.13583,0.09149,-0.02317,-0.11752,-0.09989,0.05406,-0.02183,-0.12096,-0.03240,-0.13657,-0.06869,0.00092,-0.01276,0.08059,-0.10193,0.00301,-0.10754,-0.09319,-0.02703,-0.10624,0.01870,-0.01343,0.13263,0.05100,-0.11906,0.03213,-0.02390,0.00019,0.04674,-0.09428
Gen 80,-0.04214,-0.00589,0.03443,-0.06433,0.00083,-0.06644,0.02172,-0.04731,0.10175,0.05577,0.09484,-0.10373,-0.09444,0.01278,-0.13158,0.01142,-0.04920,-0.05266,-0.08104,-0.14859,0.05612,0.07583,-0.04851,-0.00906,0.08921,0.04424,-0.14311,-0.06481,0.13632,0.11495,-0.05243,0.12319,-0.00625,-0.08938,-0.06857,-0.07771,-0.13333,-0.01886,0.12137,0.00773
Gen 81,0.01364,-0.08190,-0.13608,-0.11226,-0.08546,0.11202,0.14650,-0.14467,-0.01701,-0.03924,0.01094,0.03496,-0.03120,-0.09484,0.02558,-0.14001,0.11819,0.04332,-0.12164,0.01541,-0.11131,-0.11435,-0.07034,0.07887,0.05947,0.01766,-0.07343,0.00536,0.12893,-0.09440,0.07026,0.11165,0.05084,-0.08889,-0.11125,0.00451,-0.11091,0.09771,0.00709,-0.06257
Gen 98,0.02044,-0.07181,0.02534,-0.08036,-0.08428,0.00555,0.10062,0.04343,-0.12174,-0.10978,-0.03291,-0.05413,0.11737,0.11739,-0.14105,-0.08684,-0.03349,-0.09709,0.12561,-0.09312,0.07020,0.13707,-0.00668,0.09427,-0.02153,0.09403,0.07851,0.13788,-0.04902,0.07998,0.12649,0.09323,0.09430,0.13449,-0.06280,-0.01796,-0.11818,0.11318,-0.04689,0.12157
Gen 101,-0.08884,-0.04512,0.05714,0.12681,0.05638,-0.04797,-0.13799,-0.05047,-0.00715,0.06912,0.11809,-0.14811,-0.12698,-0.06546,0.01069,0.01074,-0.02242,0.11509,0.06821,-0.10921,-0.07946,0.00159,-0.04124,0.09259,-0.02420,0.13235,-0.09526,-0.00516,0.11827,-0.13028,-0.06623,-0.08917,0.14544,-0.00946,0.11645,0.10618,-0.11881,-0.04502,-0.00099,0.11367
Gen 102,0.14456,-0.04892,0.08458,0.10762,-0.06563,-0.09032,0.04398,0.01924,-0.10363,0.07265,-0.04197,0.03140,-0.14805,0.02715,0.07003,-0.04630,0.07780,-0.02191,-0.02304,-0.06019,0.07232,0.12513,-0.01707,0.14610,0.08985,-0.05663,-0.08007,-0.04232,-0.02860,-0.00123,0.06046,0.10230,-0.13228,-0.01408,-0.02173,-0.02279,0.01910,0.13194,-0.05090,0.13469
Gen 177,-0.07623,0.01452,0.06402,0.11419,0.08451,0.13973,0.01534,0.12163,0.04641,-0.09930,-0.14080,0.07823,0.05329,-0.06351,-0.11820,0.05684,0.07484,0.01748,0.04957,-0.02878,0.10983,0.00972,0.11845,0.07191,0.00687,0.06590,0.11602,-0.09165,-0.02106,0.10781,-0.14085,-0.11008,-0.02840,-0.11629,0.06785,0.14244,-0.00328,0.13808,-0.10927,0.06013
Gen 179,0.02486,0.08752,0.01131,0.14397,-0.01810,0.13508,0.12548,-0.02284,-0.02684,-0.14402,-0.01545,-0.09018,-0.04922,-0.06525,0.05106,-0.01795,0.03007,0.10306,0.09983,0.02567,-0.01784,-0.02988,-0.12866,-0.00979,-0.02909,-0.08954,0.09082,0.05944,0.14262,-0.03435,-0.02492,0.00592,-0.04401,0.01357,0.11693,0.06916,-0.08805,0.09005,0.08859,0.08973
Gen 180,-0.05496,0.03389,0.04569,-0.11393,0.12560,-0.03956,0.05651,0.12850,0.05246,0.13154,0.05973,-0.09874,0.06867,-0.02828,-0.05443,0.08419,0.08715,0.13470,-0.08904,0.00980,0.08164,0.00490,-0.08136,0.14859,0.11680,0.02314,0.01141,0.10199,0.12439,0.09588,-0.02016,0.10669,-0.08232,0.01215,-0.05545,-0.11411,-0.10635,0.13098,-0.09150,0.04497
Gen 181,-0.07826,0.00764,-0.11081,-0.06314,-0.02984,0.06200,0.12032,-0.02143,0.06415,-0.10827,-0.11983,-0.01557,0.07815,-0.08052,0.09274,-0.07428,-0.12486,0.00390,-0.14971,0.06243,0.07172,0.14200,0.04895,-0.00173,-0.12791,0.01029,-0.10745,0.09072,0.02284,-0.08613,0.06212,-0.05010,0.05073,0.08387,-0.12403,0.00320,-0.11890,0.04484,-0.05535,0.04305
Gen 182,-0.13543,0.11010,-0.00655,0.08807,-0.08201,-0.04951,0.07913,0.10603,-0.01886,0.12910,0.02388,-0.13527,-0.01414,-0.10188,0.06985,-0.04579,-0.08965,0.10284,0.09534,-0.04691,-0.02891,-0.13182,-0.09633,0.07078,0.01984,0.09697,0.00035,0.08036,0.00298,0.02042,-0.09461,0.01332,-0.08969,0.01687,-0.10757,-0.09420,0.07944,-0.12873,-0.03921,0.11336
Gen 183,-0.11870,-0.04225,-0.11581,0.11296,-0.11213,-0.07363,-0.02343,0.04958,-0.04659,-0.08595,-0.03798,0.02131,0.14723,-0.05185,-0.04134,0.06187,-0.06032,-0.04509,0.14841,0.03128,0.09864,-0.14050,-0.10635,0.06832,0.01192,0.14858,-0.00131,-0.03477,-0.09169,0.02705,0.07999,0.12733,-0.10871,-0.14757,-0.00661,-0.09512,0.03310,0.03608,-0.02711,0.05316
Gen 192,-0.09010,0.09257,-0.13490,-0.09844,0.14418,0.12011,0.13192,0.12253,-0.01757,0.13164,-0.07878,-0.13515,0.01718,-0.05600,0.00962,-0.00852,-0.00506,0.02102,0.12703,-0.07914,0.11282,0.07015,-0.12624,0.10062,-0.03071,-0.04928,-0.14988,-0.07626,0.05638,0.10535,-0.07769,-0.03872,-0.10487,0.09105,0.06511,0.06014,0.05366,0.11761,0.11491,0.03761
Gen 217,-0.06337,-0.02907,-0.14131,0.12495,0.05623,0.12245,-0.05937,0.13345,0.10921,0.11580,-0.14996,-0.03683,-0.11330,0.12984,0.00411,-0.00320,-0.00392,0.02109,0.01335,0.12513,0.11532,0.08512,-0.05318,0.08533,-0.10644,0.10807,0.08190,0.08279,0.00861,-0.01494,-0.08201,0.09260,0.13978,0.01306,0.12066,-0.06529,0.00533,-0.05155,0.14754,-0.07491
Gen 218,0.05363,0.07926,-0.14033,0.14468,-0.12260,0.03422,-0.10519,0.00624,-0.12200,0.08436,0.08188,0.02944,-0.14564,-0.13739,-0.09571,0.14161,-0.07362,0.07530,-0.06563,-0.07334,-0.07264,-0.06088,-0.14732,0.14615,0.01994,0.03055,0.01148,-0.13685,-0.00854,0.01190,0.05189,0.01025,-0.13348,0.03603,0.02435,0.01368,0.10298,-0.01578,0.03107,-0.11292
Gen 276,-0.07429,0.10511,-0.14513,-0.10312,0.09702,-0.08120,-0.07224,0.06024,0.13996,-0.09052,0.07425,-0.10785,-0.03525,-0.05301,0.11514,0.04661,-0.04993,-0.14352,-0.03930,0.14165,0.00873,0.07264,-0.04638,-0.01182,-0.08651,0.10109,-0.04206,-0.13887,0.05670,-0.10326,0.08963,-0.14542,0.02569,-0.00135,0.14924,-0.10969,0.05177,-0.12152,-0.10147,0.14650
Gen 278,0.09200,-0.07661,0.10389,-0.13932,0.01068,-0.12256,0.14127,0.02493,0.01672,-0.05461,0.10497,0.00905,-0.14487,-0.09453,-0.01996,-0.12601,-0.06580,-0.07488,-0.14982,0.05787,0.08217,0.09610,0.10549,-0.10454,0.11701,0.04746,0.05884,0.01922,0.13190,-0.07445,0.08607,-0.00142,0.11727,-0.06714,-0.14543,-0.13053,0.11989,0.04235,0.06908,0.00131
Gen 288,0.01727,-0.04083,0.08479,0.07706,0.06000,0.13857,0.08065,0.14338,0.02708,0.03578,0.04172,-0.05209,-0.14009,0.08645,0.06306,-0.12629,-0.10543,0.05590,0.01051,-0.09264,-0.13321,0.03342,-0.13392,-0.08593,0.00080,-0.12179,-0.02733,-0.14397,-0.11416,0.13202,0.01766,0.05594,-0.03667,0.07894,0.11892,0.12306,-0.00105,0.07878,0.06269,0.13539
Gen 289,-0.07753,0.01840,-0.13687,0.12695,0.13358,0.00027,0.02584,0.08158,-0.07520,-0.03630,-0.06342,0.01164,0.13469,-0.03438,-0.13650,0.05476,-0.00149,-0.06105,-0.02523,0.10875,0.09631,-0.09875,0.05554,0.14930,0.08531,0.06751,-0.05699,-0.10216,0.10930,0.03310,-0.03297,0.07668,0.06559,0.04420,-0.08782,0.11566,0.06570,-0.05921,-0.13092,0.12384
Gen 291,0.08816,-0.00042,-0.02582,0.03467,-0.03045,-0.13832,-0.05941,-0.07612,0.14169,0.08025,-0.02889,0.07099,-0.05920,0.00819,-0.08786,-0.07372,-0.01979,-0.12527,0.10599,0.12490,-0.08607,-0.00788,0.10244,-0.06352,0.03321,-0.01739,-0.03075,0.08681,-0.01065,-0.01056,0.14761,0.13867,-0.07948,-0.08191,0.04882,-0.02642,0.06563,0.07004,0.08499,-0.07101
Gen 292,0.14951,-0.00189,-0.12482,-0.11640,0.01845,0.00303,0.13045,0.12025,-0.01038,-0.08806,0.01933,-0.05738,0.04518,0.00453,0.10295,-0.11048,-0.07470,0.02926,0.03756,-0.02622,0.12018,0.09308,0.01225,-0.02849,-0.03085,-0.11580,0.13117,-0.07964,-0.10415,0.00300,-0.01349,-0.12779,0.02267,0.05956,-0.00284,-0.12813,-0.09610,-0.11522,0.02504,-0.12447
Gen 311,-0.03478,-0.10585,-0.02655,0.03758,-0.04214,0.11880,-0.02476,0.13010,0.09614,-0.11501,-0.11881,-0.11016,0.04154,0.05538,0.08700,0.01270,0.05261,0.05603,-0.04853,0.04515,-0.02877,0.04205,0.13039,-0.02101,0.00185,-0.05038,0.02362,0.10903,-0.06491,0.10032,0.00584,-0.08218,-0.02417,-0.09990,0.12372,-0.13262,0.03120,-0.11881,-0.05596,-0.10712
Gen 321,-0.00015,0.04083,0.09878,-0.01500,0.08083,0.02860,0.14168,-0.11409,0.09490,0.10055,0.08747,-0.01355,0.00816,0.14562,0.13339,0.07890,-0.01192,0.01207,0.09137,-0.06694,-0.07304,-0.08584,0.01536,0.13542,-0.07868,0.09048,-0.14088,0.00187,-0.06479,-0.06518,-0.03241,0.01064,0.08187,0.13850,-0.10488,-0.03156,-0.10118,0.10099,-0.12456,0.10689
Gen 322,0.07225,0.10750,0.11698,-0.10477,0.01701,-0.05924,-0.06863,-0.14507,0.00455,-0.14429,0.11947,-0.06991,-0.00199,0.04093,-0.14955,-0.11603,-0.01004,0.03698,0.09590,-0.02556,0.12806,0.02921,-0.14945,0.05401,-0.08617,-0.14542,0.07072,0.01557,0.08509,-0.12355,-0.04329,-0.06009,0.02070,0.00305,0.08464,-0.09388,0.02295,0.04331,-0.01204,0.01739
Gen 323,0.14230,0.07550,-0.03570,-0.01980,0.06385,-0.12189,0.04134,-0.11569,-0.11945,0.05000,-0.09987,0.07942,0.07518,-0.05639,0.02126,0.04354,0.09344,-0.08956,0.05287,0.09687,-0.02568,-0.00189,0.00427,0.13180,-0.13450,0.02147,-0.00307,-0.04685,0.05098,0.08083,0.01202,-0.13751,-0.07948,-0.14387,-0.05167,-0.00958,0.08537,0.00968,-0.00677,0.05938
Gen 324,-0.14477,0.05850,-0.05641,0.01794,0.03204,-0.09536,-0.07492,0.02365,-0.07121,-0.07817,-0.04229,0.12132,0.11076,0.00421,-0.13448,0.09010,-0.09564,0.05062,0.10061,0.13944,-0.11195,0.00699,0.10518,0.01128,0.06901,0.08564,0.10098,0.04996,0.11932,0.04434,0.13339,0.03879,0.11173,0.02870,-0.04670,0.09404,-0.02029,-0.11204,0.14057,0.10577
Gen 325,0.01838,0.05118,0.14932,-0.10161,0.01036,-0.03271,0.01234,-0.11899,-0.01778,-0.01156,0.02877,0.04871,0.02704,0.06881,0.02427,-0.01707,-0.00096,-0.02097,-0.08698,-0.08196,-0.01278,-0.01993,0.08379,-0.02374,0.05201,-0.10019,0.09722,0.05562,0.08672,-0.04215,0.04876,-0.08487,-0.08370,-0.07726,-0.07062,-0.02748,0.09861,0.13423,0.03974,-0.10958
Gen 338,-0.02400,0.13086,-0.05384,0.03578,0.13054,-0.01180,0.00012,0.12561,0.12895,0.12135,0.00409,0.04194,0.02670,-0.10245,0.03703,-0.05426,-0.11078,-0.08550,-0.05590,0.13544,0.14723,0.11007,-0.01144,-0.01031,0.07942,-0.12048,0.14821,0.05766,-0.06021,0.12265,0.01577,-0.12444,-0.11753,-0.14050,-0.08514,-0.13458,0.00308,-0.12512,-0.01706,-0.07914
Gen 339,0.01792,-0.01831,0.10126,-0.04904,-0.08093,0.13203,-0.01009,-0.14155,-0.12617,0.01667,-0.08677,-0.10553,-0.09134,0.07342,0.13470,-0.11119,0.11393,0.06358,0.01705,-0.12989,0.08632,0.09368,0.07637,0.01515,0.03948,-0.01900,-0.05765,-0.08769,0.08123,0.13043,0.03645,0.01027,0.11498,-0.13656,-0.05920,-0.03526,-0.14067,0.00598,0.13217,0.08917
Gen 340,0.01053,0.05296,0.08557,-0.07167,-0.06730,0.03157,0.05225,-0.14892,0.10671,-0.10653,0.00371,0.01865,-0.14784,-0.02134,0.01012,0.05721,0.12095,-0.12943,-0.06507,0.00838,-0.06293,-0.02396,0.14462,-0.13292,0.12867,0.05039,-0.00043,-0.01059,0.01768,-0.06252,-0.09846,0.03592,0.14654,0.00487,0.05130,0.00586,-0.08999,0.02361,0.13736,0.05773
Gen 341,-0.14180,-0.04106,0.04017,0.02012,-0.11360,0.13094,-0.03185,0.06878,0.08571,-0.08610,0.04879,0.00701,-0.09651,0.06553,0.01217,-0.08577,-0.02458,0.05423,0.14813,0.01453,0.08818,-0.05083,0.00347,0.10051,0.14114,-0.09646,0.10539,0.14652,-0.01486,-0.05761,0.12374,-0.08404,0.14648,-0.02954,-0.12233,-0.10897,-0.00688,-0.13172,-0.07443,0.08850
Gen 342,0.08560,0.09325,-0.13612,0.07993,0.09205,-0.14519,-0.03260,0.10967,0.13754,0.12588,0.01410,-0.05702,0.02678,0.02880,0.04937,0.02724,0.11042,-0.03781,-0.07680,-0.14385,-0.08019,-0.10152,-0.07855,0.11429,0.06948,-0.07698,0.08792,0.01324,-0.02805,-0.08826,-0.05678,-0.12623,-0.07991,0.04973,-0.04469,0.09592,0.04835,0.03731,-0.02392,0.04350
Gen 343,0.11245,-0.05662,-0.04717,0.10460,0.00897,0.12711,-0.09373,-0.08554,0.10874,-0.12015,-0.00850,0.10182,0.05812,-0.01133,-0.10044,0.01524,0.14639,0.09155,-0.13352,0.06328,0.14298,-0.09199,0.13692,-0.08000,0.09582,-0.10517,0.00423,-0.04080,0.05121,-0.09626,0.02392,-0.14927,-0.02230,0.00474,0.10134,0.07729,-0.12243,0.03751,0.04800,0.07021
Gen 344,0.01646,-0.11779,0.04210,0.05116,-0.07497,0.13448,-0.01421,0.11001,0.04592,0.03496,0.01482,0.04427,0.10330,0.08306,0.05179,-0.14045,-0.14739,-0.04244,-0.14081,0.00535,-0.14893,-0.00578,-0.03672,0.13724,-0.13324,-0.13044,0.10478,0.08858,0.13075,-0.12653,0.03603,0.00432,-0.05353,0.03324,0.12542,-0.13123,0.04792,-0.06445,-0.02837,0.10491
Gen 345,-0.11348,0.10289,-0.02873,0.14517,0.12540,-0.02770,-0.06062,-0.08372,-0.08468,0.08062,0.07663,0.14348,-0.12501,-0.08394,0.14511,0.01391,0.01610,-0.04537,0.06114,-0.00007,-0.00915,0.01493,-0.14245,0.00938,-0.11011,-0.01232,-0.12532,0.11669,-0.03647,-0.02089,0.07262,-0.10327,0.02251,0.00331,-0.03951,0.05500,0.08835,-0.00969,0.03821,0.12376
Gen 346,-0.01291,-0.10949,0.01297,-0.02099,0.08049,0.08930,-0.09845,-0.01862,-0.06995,0.13641,0.13106,-0.01970,-0.02070,0.07394,0.02879,-0.07228,-0.00505,0.11703,0.05447,0.01894,0.11303,-0.06712,0.14905,-0.09005,0.10194,0.07270,0.10922,0.02548,-0.08029,-0.00494,0.10871,0.08934,-0.09795,0.14766,-0.14088,-0.03221,0.07632,0.14212,-0.10736,0.12721
Gen 363,-0.08429,0.01579,-0.02016,0.09242,-0.10843,-0.09274,0.02025,-0.08701,0.11400,0.02351,0.12353,0.07930,-0.00752,0.05772,-0.13206,0.03938,0.14521,-0.11418,-0.01453,-0.14444,0.05644,-0.14417,-0.01342,-0.08425,0.09216,0.04369,0.04988,0.01497,-0.07487,0.09471,0.11404,-0.01850,0.02590,0.03729,0.06828,0.02727,0.09198,0.09723,0.01697,0.11489
Gen 400,-0.08912,-0.02592,0.03903,-0.11923,0.06559,-0.00609,-0.03630,-0.01445,-0.03972,-0.07814,0.12476,0.08981,-0.04982,-0.09928,-0.11501,0.08860,0.06061,-0.12743,-0.11502,0.12414,0.11093,-0.06241,-0.11940,0.09267,-0.14215,0.04090,-0.10197,0.05749,-0.09959,-0.04529,-0.11337,-0.06387,-0.11127,-0.01098,0.04482,-0.03165,0.13589,0.07646,0.01331,0.01906
Gen 422,-0.05382,0.00376,0.07734,-0.14946,-0.00582,0.12125,0.10485,-0.08370,0.07087,0.02546,0.00766,0.04843,0.03962,-0.12857,-0.02495,-0.09021,0.06018,-0.06801,-0.01907,0.09649,0.08492,0.10625,-0.00628,0.12795,-0.14053,0.13148,-0.04541,0.09385,0.13450,0.11754,0.05941,0.05105,0.14207,-0.01047,-0.11879,-0.14276,0.11439,-0.14214,0.13525,0.02098
Gen 429,0.04727,0.12275,0.12059,-0.03274,0.03376,0.00655,0.09511,-0.13315,0.03809,-0.02108,0.10828,0.05636,-0.07169,-0.10973,0.01240,0.14457,-0.04503,0.14862,0.00542,-0.09290,-0.14082,-0.05909,-0.13948,0.02702,0.06049,0.05100,-0.04314,-0.11651,0.04240,-0.13104,0.04331,0.10059,-0.13285,-0.04324,0.03562,0.04158,-0.09062,0.03701,0.01726,0.11572
Gen 435,0.05911,-0.04072,-0.08240,0.03327,-0.07333,-0.12726,0.09681,-0.08161,-0.03613,0.10395,-0.11905,0.14082,0.00685,0.05200,0.06946,0.14429,0.01583,0.05992,0.05481,0.03907,0.08980,-0.04630,-0.00543,-0.12656,0.12303,0.01777,0.00750,-0.06991,0.12000,-0.14583,-0.12090,-0.13198,-0.07772,-0.00095,-0.01094,-0.06884,0.01653,-0.08180,-0.04029,-0.09901
Gen 436,0.04928,-0.12550,-0.04701,0.00931,0.01486,-0.03970,0.04313,-0.10067,0.06729,0.12757,0.14695,0.11354,-0.07172,-0.13857,0.14221,0.01714,0.01191,-0.10606,0.12375,0.13728,0.10789,0.05783,-0.03423,0.12802,0.10634,0.10137,0.02522,-0.12901,-0.14230,-0.08232,-0.12231,0.07353,0.10532,0.01214,0.03338,-0.00806,0.13056,0.03384,0.03611,0.10740
Gen 440,-0.03488,-0.13077,0.07204,0.10326,0.00607,-0.00971,-0.12041,-0.05602,-0.09378,0.07423,-0.10189,0.05539,-0.01780,-0.14872,0.06070,0.08787,-0.04845,-0.00680,-0.13538,-0.08203,0.05888,-0.10766,-0.08082,0.05844,-0.12949,0.06880,0.03824,0.04562,-0.05356,0.01153,-0.12637,-0.06465,-0.08914,0.00340,0.04566,0.03453,-0.10991,-0.09595,-0.00082,-0.14399
Gen 441,0.07084,0.02773,-0.10235,0.12519,0.01312,0.14933,-0.13730,0.09388,-0.12679,0.13207,-0.04157,0.04998,0.06438,0.06393,0.05819,-0.14651,-0.08386,0.08918,0.08609,0.09050,-0.14765,-0.13760,-0.12785,0.11212,-0.00677,0.06952,-0.08450,0.05095,-0.01679,0.14659,-0.06413,-0.11745,0.01407,0.05435,-0.10958,0.01177,0.07332,-0.11645,0.08570,0.01325
Gen 492,-0.14684,0.02673,0.09140,0.14728,0.14739,-0.02581,-0.13880,0.14112,-0.08384,0.13650,0.13961,-0.05150,0.07883,0.03958,0.10393,0.13632,-0.08826,-0.02720,0.06857,0.02698,0.13236,-0.01593,0.03528,-0.12525,-0.08088,-0.11340,0.08001,-0.14422,0.13230,0.10077,0.05370,-0.14140,-0.07263,-0.10912,0.06321,-0.12916,0.11697,0.01631,-0.11898,-0.01184
Gen 493,-0.10740,-0.02306,0.06416,0.05889,-0.04556,-0.04537,-0.12716,-0.12375,-0.13504,-0.12766,-0.03447,0.09491,-0.04765,0.00184,0.03705,0.02559,-0.10984,0.03582,0.00671,0.07544,0.05270,-0.00631,0.13684,-0.07173,0.06319,-0.08951,0.04909,-0.07515,-0.08813,-0.03895,0.00266,0.05428,-0.05712,-0.03530,0.07828,-0.05099,-0.13086,-0.13617,-0.10952,-0.00915
Gen 496,-0.03477,0.05256,-0.12138,-0.10146,0.14074,-0.02265,0.12482,-0.07970,0.14476,-0.11205,0.08398,0.14419,-0.00389,-0.00303,-0.09746,0.03268,-0.07714,0.06504,-0.00778,-0.08028,-0.01180,-0.14262,-0.12086,-0.11956,-0.03323,0.06479,-0.13414,-0.14625,-0.10576,0.13100,0.10972,-0.02924,-0.10161,-0.04355,0.13045,0.04306,-0.00868,-0.02929,0.11897,0.14204
Gen 497,0.08360,0.10000,-0.05787,0.13186,-0.01419,-0.09621,0.02889,0.05523,-0.01880,-0.03800,0.06129,-0.07208,0.05590,0.02248,-0.04950,0.05301,-0.13713,0.01465,0.02868,-0.06383,-0.04312,0.10891,0.03581,0.04198,-0.11862,-0.07862,0.06578,0.05984,-0.01601,-0.13822,-0.13488,-0.12345,0.10930,-0.10917,0.04748,0.02309,0.06798,0.02477,-0.09617,0.07023
Gen 498,0.02863,0.01386,0.06814,-0.05582,-0.12882,-0.12354,-0.05168,-0.08050,0.07447,0.03229,-0.12137,0.06596,0.12483,0.09731,0.05199,0.08299,-0.10496,-0.13035,0.07439,0.14543,-0.07793,0.01858,-0.12575,0.01836,-0.01487,-0.07783,0.01961,0.04620,0.12350,0.08479,0.14305,-0.01718,-0.10769,-0.02701,0.08769,-0.08669,-0.09679,0.04353,0.13411,-0.02722
Gen 502,0.05906,-0.02881,-0.04506,-0.11011,-0.14403,-0.11410,-0.01673,0.06894,-0.13389,-0.08350,-0.14068,0.10000,-0.03544,-0.06463,0.08510,-0.06633,-0.06575,0.13050,-0.10074,-0.13863,0.13681,-0.05816,-0.02578,0.08904,-0.04314,-0.11854,0.08667,-0.11112,-0.09059,-0.10809,-0.08350,-0.07940,0.06792,-0.12143,0.05047,0.12328,0.03900,-0.04893,0.10184,0.11957
Gen 503,-0.00196,0.01904,0.02420,-0.11017,-0.03808,0.09348,0.00588,0.13188,0.03475,0.08384,-0.07559,0.01779,0.09319,-0.10419,0.01205,0.03309,-0.09388,0.04107,-0.12973,0.08386,-0.05221,-0.00516,-0.03531,-0.05191,0.14630,0.11370,-0.05931,-0.10181,0.00879,-0.10858,0.04494,-0.08011,-0.12103,-0.14340,0.10772,-0.10719,-0.02912,-0.12193,-0.11463,-0.03755
Gen 504,-0.10038,0.06569,-0.11224,0.07165,0.10242,-0.12520,-0.13798,-0.00194,0.03023,0.05520,-0.00652,0.01295,0.01488,0.06413,-0.10315,-0.14348,0.00242,0.13611,-0.14245,0.03384,-0.00184,0.12006,-0.14292,0.04785,0.04687,0.11513,0.01093,0.05719,-0.02620,0.09798,0.05550,-0.11760,-0.10803,-0.10258,-0.11384,-0.08092,-0.02299,0.05123,-0.04901,0.00593
Gen 505,0.09634,0.11538,0.06135,0.10035,-0.05728,0.08719,0.12500,-0.13848,-0.01631,-0.07802,-0.00180,0.03524,-0.08729,0.11233,-0.07323,0.06408,0.10567,0.12972,0.13672,0.05406,0.03856,0.02879,-0.00446,-0.04187,-0.14377,0.07460,-0.03190,-0.06620,0.08326,0.04808,0.12294,-0.11172,-0.03529,0.02322,-0.04365,-0.04559,-0.00477,-0.12857,-0.13839,0.10218
Gen 511,-0.14779,0.06113,-0.01633,0.14085,0.09298,-0.03012,-0.03185,-0.11142,-0.04062,-0.08875,-0.05518,0.01869,0.10857,-0.12054,0.09902,0.12620,-0.08291,-0.08975,0.08053,-0.14384,-0.00302,-0.14329,0.09219,-0.14269,-0.10183,-0.07616,0.14914,-0.02378,-0.12832,-0.07492,-0.02653,-0.02392,-0.11335,-0.14715,0.09464,-0.07741,-0.12497,-0.03293,-0.02024,0.00723
Gen 512,0.07809,0.08644,-0.00919,0.11543,-0.12626,-0.04330,-0.04204,0.06327,0.10363,0.06697,-0.11675,0.02981,0.00289,0.03162,-0.14635,-0.06348,-0.13444,-0.03424,0.07773,-0.06720,0.03423,0.03823,-0.07451,-0.00749,-0.10695,-0.12899,0.08789,-0.09616,-0.11214,0.14013,-0.13331,0.05458,-0.03752,-0.09795,-0.06814,0.06951,0.10664,-0.06935,-0.04586,-0.02713
Gen 557,0.09823,0.07498,-0.08717,0.01286,0.08002,-0.00638,0.01665,-0.08625,0.04780,-0.12838,-0.04148,-0.02988,0.03263,0.13460,-0.08426,0.01325,0.09067,0.03089,0.07165,-0.11506,0.10074,-0.05661,-0.01887,-0.12454,0.05615,0.10419,-0.00489,-0.11959,-0.11911,-0.11531,-0.00153,0.03661,-0.14002,-0.13122,0.14596,-0.06267,-0.00698,0.03919,0.06447,-0.11717
Gen 558,-0.11710,0.12362,-0.05277,0.06716,0.06289,-0.00936,-0.12261,0.11695,0.10036,-0.02050,-0.01323,0.01377,-0.03645,0.00140,-0.00820,-0.06424,0.11175,-0.13585,-0.04071,0.08221,-0.00435,0.08588,-0.00522,0.14684,0.11521,-0.14768,-0.00748,0.10722,-0.04694,0.06870,-0.02451,-0.12127,-0.05542,-0.05610,0.04637,0.12806,0.06111,-0.05309,0.05494,-0.12477
Gen 559,-0.03735,-0.09298,0.05791,0.04863,-0.04408,-0.09582,-0.10300,-0.07890,-0.05146,0.11088,-0.11343,-0.09956,-0.03886,0.03130,-0.13326,-0.07643,0.10019,0.04887,-0.04457,-0.11574,-0.05253,-0.07665,0.06317,-0.05984,0.05317,-0.02620,-0.04502,0.08575,-0.09438,-0.01295,0.02505,-0.05364,0.06187,0.12535,-0.12808,-0.09557,0.00273,0.08996,0.03929,-0.14409
Gen 560,-0.05101,0.04615,0.05614,-0.00533,-0.13388,0.03834,0.00121,0.06762,-0.03285,0.10072,-0.05775,0.10914,-0.14566,0.07882,0.09821,0.05427,0.12082,-0.08948,-0.04442,-0.08126,0.10348,0.07392,0.11072,-0.04571,-0.10381,0.14048,-0.01532,0.06897,0.04625,-0.10715,0.10325,0.14354,0.13987,-0.04908,0.12778,-0.11003,0.13192,-0.13677,-0.02728,0.10290
Gen 569,0.06787,0.06628,-0.06680,-0.02364,0.02686,-0.03326,0.00179,0.01210,0.09728,0.06749,0.04815,-0.13923,-0.10338,0.11596,0.07973,-0.09588,-0.13045,-0.10118,0.10122,0.14193,0.07653,0.08538,-0.14118,0.11239,0.05434,-0.04529,-0.00013,0.13502,-0.13377,-0.09249,-0.10495,0.01147,-0.07931,-0.12698,0.00450,0.10088,0.05458,-0.13898,-0.13642,0.01143
Gen 570,-0.10757,0.06217,-0.07577,-0.01801,0.03609,0.14182,-0.09090,0.12355,-0.04477,-0.10142,-0.02374,0.10244,-0.13686,-0.10891,0.02698,-0.02743,-0.00652,0.09662,-0.09982,-0.05339,-0.08835,-0.12020,0.00731,-0.08623,0.12131,-0.13619,0.11918,0.02632,0.10848,-0.14125,-0.05010,0.00033,-0.08487,-0.02322,-0.14114,0.02616,0.12892,-0.12726,0.10255,0.07433
Probability,0.02623,0.02453,0.02522,0.02680,0.02383,0.02585,0.02517,0.02609,0.02341,0.02625,0.02313,0.02630,0.02472,0.02484,0.02575,0.02404,0.02484,0.02408,0.02679,0.02513,0.02584,0.02475,0.02448,0.02642,0.02480,0.02423,0.02480,0.02483,0.02499,0.02663,0.02430,0.02449,0.02457,0.02257,0.02665,0.02350,0.02424,0.02513,0.02397,0.02582
